lm0_x,lm0_y,lm0_z,lm1_x,lm1_y,lm1_z,lm2_x,lm2_y,lm2_z,lm3_x,lm3_y,lm3_z,lm4_x,lm4_y,lm4_z,lm5_x,lm5_y,lm5_z,lm6_x,lm6_y,lm6_z,lm7_x,lm7_y,lm7_z,lm8_x,lm8_y,lm8_z,lm9_x,lm9_y,lm9_z,lm10_x,lm10_y,lm10_z,lm11_x,lm11_y,lm11_z,lm12_x,lm12_y,lm12_z,lm13_x,lm13_y,lm13_z,lm14_x,lm14_y,lm14_z,lm15_x,lm15_y,lm15_z,lm16_x,lm16_y,lm16_z,lm17_x,lm17_y,lm17_z,lm18_x,lm18_y,lm18_z,lm19_x,lm19_y,lm19_z,lm20_x,lm20_y,lm20_z,label
0.7140662670135498,0.8733868598937988,-1.6391270207805064e-07,0.6618798971176147,0.8244858384132385,-0.03075043484568596,0.6181132197380066,0.7545326948165894,-0.054967574775218964,0.5925686359405518,0.6966721415519714,-0.08010527491569519,0.6107205152511597,0.6593241691589355,-0.10425899922847748,0.6435363292694092,0.5482954978942871,-0.040009286254644394,0.6378229260444641,0.39807164669036865,-0.07837952673435211,0.6385981440544128,0.3033839464187622,-0.10058165341615677,0.6435588002204895,0.2208745777606964,-0.11517322063446045,0.6941704750061035,0.5521204471588135,-0.04474429413676262,0.6644625663757324,0.5419051647186279,-0.10479582846164703,0.6430131793022156,0.6601579189300537,-0.11747866123914719,0.6369298100471497,0.7415893077850342,-0.11133678257465363,0.7359521389007568,0.5883549451828003,-0.05307649448513985,0.6970994472503662,0.6468051671981812,-0.10423179715871811,0.6723383069038391,0.7460839748382568,-0.09694354236125946,0.6612818241119385,0.8005422353744507,-0.07787834852933884,0.7661718130111694,0.6447291374206543,-0.06476340442895889,0.7336089015007019,0.7049825191497803,-0.09330210834741592,0.706712007522583,0.7760047316551208,-0.08583012223243713,0.6915780305862427,0.8122919797897339,-0.07128552347421646,señalar
0.7125380635261536,0.8788052797317505,-1.5167425715389982e-07,0.6591403484344482,0.8255405426025391,-0.03048020973801613,0.6138852834701538,0.753296971321106,-0.0546032078564167,0.5870583653450012,0.6928341388702393,-0.07958681881427765,0.6057287454605103,0.669950544834137,-0.10371265560388565,0.639314591884613,0.5568864941596985,-0.04023388400673866,0.6324002146720886,0.4060232639312744,-0.07747814804315567,0.631680965423584,0.3123103082180023,-0.09874969720840454,0.635292649269104,0.2297496497631073,-0.11312481015920639,0.6907080411911011,0.5582631826400757,-0.045089442282915115,0.6604568362236023,0.5507133603096008,-0.10456788539886475,0.6403641104698181,0.6672071218490601,-0.11707073450088501,0.6351088285446167,0.7476949691772461,-0.11100082844495773,0.7332523465156555,0.5926231741905212,-0.05335855111479759,0.6935241222381592,0.6565902829170227,-0.10370436310768127,0.6700937747955322,0.7539215087890625,-0.09730226546525955,0.6595760583877563,0.8074119687080383,-0.0791536346077919,0.7645429372787476,0.6471343636512756,-0.06502458453178406,0.7310343980789185,0.7150692343711853,-0.09245777875185013,0.7042438983917236,0.785144567489624,-0.08580208569765091,0.6887391805648804,0.8206033706665039,-0.07234063744544983,señalar
0.712242066860199,0.8781031966209412,-1.5368249250968802e-07,0.6597756147384644,0.8262887001037598,-0.030986661091446877,0.6144238710403442,0.7543151378631592,-0.05530162900686264,0.5866750478744507,0.692894697189331,-0.08031764626502991,0.6055068969726562,0.6690511107444763,-0.1043788343667984,0.6388369202613831,0.5572119355201721,-0.04086868837475777,0.63168865442276,0.4055941700935364,-0.07838934659957886,0.6307650804519653,0.31151270866394043,-0.09974528104066849,0.6342605948448181,0.22866734862327576,-0.11418798565864563,0.6900344491004944,0.5583416819572449,-0.04535825550556183,0.6596118211746216,0.5499703288078308,-0.10515351593494415,0.6398921608924866,0.6672693490982056,-0.11739751696586609,0.6348791122436523,0.7485198378562927,-0.11104201525449753,0.7326050996780396,0.5923427939414978,-0.05332719907164574,0.6931003332138062,0.655421257019043,-0.10394218564033508,0.6702166199684143,0.7531736493110657,-0.09725157916545868,0.6599920392036438,0.8070889115333557,-0.07881083339452744,0.7641111612319946,0.6464177370071411,-0.06474011391401291,0.7310770153999329,0.7130855917930603,-0.09263363480567932,0.704480767250061,0.7834100723266602,-0.08612286299467087,0.6888403296470642,0.819282054901123,-0.07266635447740555,señalar
0.7123612761497498,0.8777346611022949,-1.7016051856444392e-07,0.6597352027893066,0.8273091316223145,-0.030764028429985046,0.6140905618667603,0.7549234628677368,-0.0548793226480484,0.5860633254051208,0.6936455368995667,-0.07968711853027344,0.6056556105613708,0.6656736731529236,-0.10355821996927261,0.6380643248558044,0.55563884973526,-0.040737513452768326,0.6309353113174438,0.4051964282989502,-0.07896623760461807,0.6297755241394043,0.3105972707271576,-0.10126813501119614,0.6329550743103027,0.22732719779014587,-0.11636057496070862,0.6887668371200562,0.5565750002861023,-0.04521184787154198,0.6586813926696777,0.5497298836708069,-0.10499411076307297,0.6393276453018188,0.6678321957588196,-0.11723791062831879,0.6344349980354309,0.7481216788291931,-0.111025370657444,0.7313863039016724,0.5905150175094604,-0.0532291941344738,0.6926592588424683,0.6511139273643494,-0.10352349281311035,0.6699077486991882,0.7489361763000488,-0.09623263776302338,0.6598528027534485,0.8019673228263855,-0.07754199206829071,0.7631913423538208,0.6447957754135132,-0.06473314762115479,0.7305961847305298,0.7089315056800842,-0.09272052347660065,0.703983724117279,0.7794614434242249,-0.08592721074819565,0.6887940764427185,0.8148614168167114,-0.07220626622438431,señalar
0.7119000554084778,0.8769291043281555,-1.734020287358362e-07,0.658661961555481,0.8255293369293213,-0.030128179118037224,0.6133683323860168,0.753348708152771,-0.053875140845775604,0.5864798426628113,0.6937899589538574,-0.07846588641405106,0.6054517030715942,0.6651918292045593,-0.10215441137552261,0.6372978687286377,0.5538421869277954,-0.04017707705497742,0.6306867599487305,0.40402936935424805,-0.07807926088571548,0.6298139095306396,0.30958178639411926,-0.10020536184310913,0.6330042481422424,0.22664082050323486,-0.115163654088974,0.6882939338684082,0.5548027157783508,-0.04502766579389572,0.6584818363189697,0.5502375960350037,-0.10461906343698502,0.6389683485031128,0.6682155132293701,-0.11702164262533188,0.6338115930557251,0.748380184173584,-0.11102500557899475,0.7309632897377014,0.5889857411384583,-0.053359754383563995,0.6926714777946472,0.6516687273979187,-0.10343188792467117,0.6693877577781677,0.7493242621421814,-0.09636254608631134,0.6585729718208313,0.8021932244300842,-0.07796823233366013,0.7627411484718323,0.643478512763977,-0.0651276558637619,0.7306869626045227,0.7092368602752686,-0.09282484650611877,0.7039273977279663,0.7792249917984009,-0.08601275086402893,0.6882867813110352,0.8140084147453308,-0.07238464057445526,señalar
0.7108335494995117,0.875683605670929,-1.7393536211329774e-07,0.6579771041870117,0.8239699006080627,-0.03029334545135498,0.612930178642273,0.7517130970954895,-0.054353341460227966,0.5858485698699951,0.6914442777633667,-0.07922355830669403,0.604357898235321,0.6645131707191467,-0.10320189595222473,0.636432945728302,0.5527700185775757,-0.040823452174663544,0.6300061345100403,0.4033116102218628,-0.07866517454385757,0.629144012928009,0.3089432418346405,-0.10080055147409439,0.6323416233062744,0.2260531783103943,-0.11585703492164612,0.6875060796737671,0.5532847046852112,-0.045683495700359344,0.6581552624702454,0.5511119365692139,-0.10510445386171341,0.638606071472168,0.6688037514686584,-0.1174936518073082,0.6333127021789551,0.7485988140106201,-0.11164067685604095,0.7303008437156677,0.5876802802085876,-0.053982608020305634,0.6924885511398315,0.6520140171051025,-0.1040179431438446,0.6691336631774902,0.7493905425071716,-0.09710327535867691,0.6581783294677734,0.8019479513168335,-0.07893765717744827,0.7624137997627258,0.6424199938774109,-0.06571858376264572,0.73063725233078,0.709073007106781,-0.0936007872223854,0.7032700777053833,0.779119610786438,-0.08702559024095535,0.6868650913238525,0.8140046000480652,-0.07362233102321625,señalar
0.7105123400688171,0.8749552965164185,-1.760689087859646e-07,0.6577550768852234,0.8235065937042236,-0.030409470200538635,0.6129929423332214,0.7523366808891296,-0.05448742210865021,0.586027204990387,0.6929693222045898,-0.07938341796398163,0.6046074032783508,0.6641191840171814,-0.1033671647310257,0.6359841823577881,0.5525659918785095,-0.040761977434158325,0.6296131610870361,0.4034673571586609,-0.07873526960611343,0.6287925243377686,0.3089829683303833,-0.10098298639059067,0.6319497227668762,0.22600814700126648,-0.11606629192829132,0.6870237588882446,0.5527457594871521,-0.045506756752729416,0.6582072377204895,0.5506255030632019,-0.10505462437868118,0.6388968825340271,0.6685879826545715,-0.11751320213079453,0.6334519982337952,0.7488923072814941,-0.11167597770690918,0.7298958897590637,0.5868874192237854,-0.053725212812423706,0.6928585767745972,0.6514896750450134,-0.10394561290740967,0.6694965362548828,0.7491093277931213,-0.09707684814929962,0.6580524444580078,0.8022991418838501,-0.07888372987508774,0.762188732624054,0.641677737236023,-0.06537368893623352,0.7311394214630127,0.7078965306282043,-0.09347838908433914,0.7035787105560303,0.7779995203018188,-0.08696983754634857,0.686369776725769,0.8133986592292786,-0.07356229424476624,señalar
0.7099639773368835,0.8725247383117676,-1.671756848509176e-07,0.6581991314888,0.8226038813591003,-0.03154657408595085,0.6135138273239136,0.7516964673995972,-0.05618543550372124,0.5857097506523132,0.692703366279602,-0.08141481131315231,0.6044681668281555,0.6624847650527954,-0.1056545153260231,0.6354817748069763,0.5509366393089294,-0.04157622903585434,0.6291875243186951,0.4020301103591919,-0.08016575872898102,0.6284719109535217,0.30740392208099365,-0.10282624512910843,0.6319617033004761,0.22424370050430298,-0.1181395947933197,0.686715841293335,0.5502578020095825,-0.04588255658745766,0.6582178473472595,0.5486419200897217,-0.10615473985671997,0.6387531757354736,0.6672652363777161,-0.1188439205288887,0.6332634091377258,0.7474292516708374,-0.11294045299291611,0.7298442721366882,0.5840895771980286,-0.05378754064440727,0.6929736137390137,0.6490101218223572,-0.10476701706647873,0.6698940396308899,0.7475631237030029,-0.09777669608592987,0.6590543389320374,0.8001867532730103,-0.07922657579183578,0.7623083591461182,0.6385124921798706,-0.06520000100135803,0.7309577465057373,0.7055511474609375,-0.0939548909664154,0.7043823599815369,0.7765610814094543,-0.08741605281829834,0.6887168288230896,0.811389148235321,-0.0737563744187355,señalar
0.7102152109146118,0.8709675073623657,-1.6675411984579114e-07,0.658450722694397,0.8215608596801758,-0.03107524663209915,0.6138488054275513,0.7512983679771423,-0.05553486570715904,0.5856970548629761,0.6924220323562622,-0.08060216158628464,0.6044914722442627,0.6608134508132935,-0.10469377785921097,0.6358096599578857,0.5513331890106201,-0.041439238935709,0.6288752555847168,0.40185216069221497,-0.07983839511871338,0.6281988620758057,0.30725255608558655,-0.10238444060087204,0.6316932439804077,0.2243148684501648,-0.11754627525806427,0.6867086887359619,0.5503531098365784,-0.0456051304936409,0.6584522724151611,0.5472862124443054,-0.1052403375506401,0.6391614675521851,0.6644880175590515,-0.11782649159431458,0.6335605978965759,0.7446067333221436,-0.11197665333747864,0.7296246886253357,0.5835056304931641,-0.05325857922434807,0.6928266882896423,0.6473574638366699,-0.10331878811120987,0.6697617769241333,0.7443486452102661,-0.09629929810762405,0.6587594747543335,0.7970622777938843,-0.07794341444969177,0.76193767786026,0.6371672749519348,-0.06439245492219925,0.7306063771247864,0.7038187980651855,-0.09248780459165573,0.704197347164154,0.7738134860992432,-0.08590756356716156,0.6885431408882141,0.8087701797485352,-0.07231029868125916,señalar
0.7093640565872192,0.8693536520004272,-1.7263121776522894e-07,0.6579083204269409,0.820354163646698,-0.03097568266093731,0.6139271259307861,0.7526206970214844,-0.055491331964731216,0.586128830909729,0.6964964866638184,-0.08071326464414597,0.6048280000686646,0.6603490710258484,-0.10501720011234283,0.6354599595069885,0.5511184930801392,-0.0414620041847229,0.6284374594688416,0.40196579694747925,-0.07982897758483887,0.6281245946884155,0.3073057532310486,-0.1024957150220871,0.6316870450973511,0.2241780161857605,-0.1176905706524849,0.6865449547767639,0.5493805408477783,-0.04565152898430824,0.6583656668663025,0.5481669902801514,-0.10501732677221298,0.6395751237869263,0.6656651496887207,-0.1179056465625763,0.6338862180709839,0.7457981109619141,-0.11247779428958893,0.7297250628471375,0.5820049047470093,-0.053285855799913406,0.6933039426803589,0.64621901512146,-0.10353460162878036,0.6703999638557434,0.7444408535957336,-0.09668121486902237,0.6588340401649475,0.7985928058624268,-0.07850972563028336,0.7623119950294495,0.6354270577430725,-0.0643250122666359,0.7316694259643555,0.7015874981880188,-0.09309042990207672,0.7048583030700684,0.7729853391647339,-0.08659457415342331,0.6878117918968201,0.8100857734680176,-0.07295536994934082,señalar
0.7091644406318665,0.8743706941604614,-1.8418892011595744e-07,0.6568245887756348,0.8258092403411865,-0.030722592025995255,0.6121097207069397,0.7570276260375977,-0.054798346012830734,0.5840886831283569,0.7009897232055664,-0.07958974689245224,0.6029515862464905,0.6635060906410217,-0.10368946939706802,0.634942889213562,0.5544190406799316,-0.041616104543209076,0.6267246603965759,0.4067797064781189,-0.08055825531482697,0.625198245048523,0.3110997974872589,-0.10385539382696152,0.6278066039085388,0.22758960723876953,-0.11938326060771942,0.6860353946685791,0.5511652827262878,-0.04589832201600075,0.656205952167511,0.5549373030662537,-0.10575071722269058,0.6366028189659119,0.6724383234977722,-0.11917857080698013,0.6300624012947083,0.753661036491394,-0.11394704133272171,0.7291196584701538,0.5838223099708557,-0.05354279652237892,0.690412700176239,0.6535690426826477,-0.10417504608631134,0.6672359704971313,0.7522386312484741,-0.09732096642255783,0.6557139754295349,0.8070328831672668,-0.0789596438407898,0.7608710527420044,0.6384588479995728,-0.06458350270986557,0.729115903377533,0.7082861065864563,-0.09363365918397903,0.702716052532196,0.7800655961036682,-0.0868690237402916,0.686839759349823,0.8172435760498047,-0.07277461886405945,señalar
0.7074142098426819,0.8731125593185425,-1.9220327374114277e-07,0.6533513069152832,0.8266976475715637,-0.030627485364675522,0.6069110631942749,0.7595789432525635,-0.054503168910741806,0.5784385800361633,0.7045791745185852,-0.07905039191246033,0.5951303839683533,0.6652616262435913,-0.10262861102819443,0.630203127861023,0.5573822259902954,-0.04132429137825966,0.6167640089988708,0.40969765186309814,-0.07977788150310516,0.6114845275878906,0.3147946894168854,-0.10225177556276321,0.6110403537750244,0.23194819688796997,-0.1173081025481224,0.6810239553451538,0.5538604259490967,-0.04585500434041023,0.6469738483428955,0.5559152960777283,-0.10497726500034332,0.6281448602676392,0.6710081100463867,-0.11780507117509842,0.6231166124343872,0.7501270174980164,-0.1124703586101532,0.7237078547477722,0.5867149829864502,-0.053839217871427536,0.6808670163154602,0.6565423011779785,-0.10359983891248703,0.6608809232711792,0.7519807815551758,-0.09565593302249908,0.6527625322341919,0.8031224608421326,-0.07696373760700226,0.7553614377975464,0.6420769691467285,-0.06534713506698608,0.7204609513282776,0.7096990346908569,-0.09336087107658386,0.6959705948829651,0.7787812352180481,-0.08559833467006683,0.6821375489234924,0.8141805529594421,-0.07113942503929138,señalar
0.7094829678535461,0.8705546855926514,-2.069003386395707e-07,0.6536667943000793,0.8259603977203369,-0.031236428767442703,0.6047840118408203,0.7617757320404053,-0.055752869695425034,0.5731903314590454,0.7088106870651245,-0.08065668493509293,0.588283121585846,0.6765819787979126,-0.10435580462217331,0.6261870265007019,0.5566255450248718,-0.04163959249854088,0.6042590141296387,0.4118717312812805,-0.07916535437107086,0.5927694439888,0.32064560055732727,-0.10057856887578964,0.5872061848640442,0.24043643474578857,-0.1150733083486557,0.6767002940177917,0.5510266423225403,-0.046119242906570435,0.6400346159934998,0.5527811050415039,-0.10368672013282776,0.6233865022659302,0.6700479984283447,-0.11493334919214249,0.6212639808654785,0.7476078867912292,-0.1088004857301712,0.7196578979492188,0.5837617516517639,-0.054199449717998505,0.6746605634689331,0.655296802520752,-0.10283832997083664,0.6565666198730469,0.7511841058731079,-0.09421981871128082,0.6516451835632324,0.7997790575027466,-0.07542897760868073,0.7523794174194336,0.6397685408592224,-0.06590871512889862,0.7149142026901245,0.7062039375305176,-0.0925266295671463,0.6911347508430481,0.776759147644043,-0.08387987315654755,0.6793718338012695,0.8123186230659485,-0.06928437948226929,señalar
0.7194178104400635,0.8551411628723145,-2.39963696913037e-07,0.6627219319343567,0.8175031542778015,-0.031637586653232574,0.611264169216156,0.7590188980102539,-0.0562313012778759,0.5802332162857056,0.7078230977058411,-0.08079790323972702,0.5933010578155518,0.6806579828262329,-0.10386177152395248,0.6221271753311157,0.5548621416091919,-0.04190674051642418,0.5867018103599548,0.41932544112205505,-0.07755547016859055,0.5665467381477356,0.3376941382884979,-0.09693210572004318,0.5538977980613708,0.2623059153556824,-0.11047495156526566,0.6730696558952332,0.5412745475769043,-0.04670702666044235,0.6382386088371277,0.5415948629379272,-0.10394027829170227,0.6286110281944275,0.6642695069313049,-0.11396718770265579,0.6314911842346191,0.7434417605400085,-0.10680048912763596,0.7182528376579285,0.5672757625579834,-0.05516762286424637,0.6789184212684631,0.6424846053123474,-0.10361898690462112,0.6647301316261292,0.7434192895889282,-0.09514720737934113,0.662481427192688,0.7919485569000244,-0.07661180943250656,0.754482626914978,0.6160079836845398,-0.0672420784831047,0.7203660011291504,0.688808023929596,-0.09360505640506744,0.7002474665641785,0.7656413316726685,-0.08551628887653351,0.691282331943512,0.8015149831771851,-0.07186570763587952,señalar
0.721276044845581,0.8426265716552734,-2.0776310805104004e-07,0.6665331721305847,0.804735004901886,-0.03353322297334671,0.6168715953826904,0.7481113076210022,-0.06006387993693352,0.5861650109291077,0.6976364850997925,-0.08623544126749039,0.6011092066764832,0.6723209619522095,-0.11104845255613327,0.6247704029083252,0.5471056699752808,-0.04468381404876709,0.5882645845413208,0.4126203656196594,-0.08195895701646805,0.5671795010566711,0.3315044045448303,-0.10276073962450027,0.5528529286384583,0.2562054693698883,-0.11722587794065475,0.6757241487503052,0.5321375131607056,-0.049013860523700714,0.6429080367088318,0.5281528830528259,-0.10735229402780533,0.6349254250526428,0.6498692035675049,-0.11782799661159515,0.6373834013938904,0.7307302355766296,-0.11089539527893066,0.7216569185256958,0.555955171585083,-0.05714678391814232,0.6857857704162598,0.6279444098472595,-0.10673770308494568,0.6719295978546143,0.7303726077079773,-0.09854111075401306,0.668289840221405,0.7832394242286682,-0.08001000434160233,0.7591087818145752,0.602749764919281,-0.06899789720773697,0.7280355095863342,0.6730690002441406,-0.09649959206581116,0.7086329460144043,0.7527292370796204,-0.08869960904121399,0.6990913152694702,0.7925770282745361,-0.07515007257461548,señalar
0.7272554636001587,0.8336057662963867,-1.898263946031875e-07,0.673342764377594,0.7937911748886108,-0.03460376337170601,0.6252514719963074,0.7353017330169678,-0.060636527836322784,0.5947147607803345,0.6863054037094116,-0.08637309074401855,0.6040043830871582,0.6467193365097046,-0.11076956242322922,0.6336508989334106,0.5352429747581482,-0.04400801286101341,0.5964603424072266,0.40149229764938354,-0.08282706886529922,0.5750243663787842,0.3195638656616211,-0.10467464476823807,0.5604634284973145,0.24332645535469055,-0.11911320686340332,0.6841338872909546,0.5203580260276794,-0.04810413345694542,0.6499691009521484,0.5065562129020691,-0.10943225026130676,0.6393586993217468,0.6291618347167969,-0.12191049754619598,0.6395520567893982,0.7140481472015381,-0.11495478451251984,0.7292742729187012,0.5437850952148438,-0.05614238604903221,0.6906787753105164,0.6118324995040894,-0.10910920798778534,0.6762794256210327,0.7203308343887329,-0.10139437764883041,0.6717369556427002,0.7798176407814026,-0.0814690887928009,0.7655137181282043,0.5912618637084961,-0.06775537878274918,0.732927680015564,0.657355010509491,-0.09709557145833969,0.7142480611801147,0.7369018793106079,-0.08862845599651337,0.7050036191940308,0.7781627774238586,-0.07349163293838501,señalar
0.7274712920188904,0.8267417550086975,-2.7309386041451944e-07,0.6695023775100708,0.7845863103866577,-0.026109427213668823,0.6232895255088806,0.7177790999412537,-0.04646690562367439,0.5947450399398804,0.6750450134277344,-0.06789086014032364,0.577867329120636,0.634900689125061,-0.08927182853221893,0.6419805884361267,0.5213271379470825,-0.03635779395699501,0.6090283393859863,0.39308902621269226,-0.07173967361450195,0.590320885181427,0.3090616762638092,-0.0922163799405098,0.5759680867195129,0.23451551795005798,-0.10543164610862732,0.69255131483078,0.5141586065292358,-0.0436636246740818,0.6437054872512817,0.5101189613342285,-0.09909319877624512,0.6231677532196045,0.6263449192047119,-0.11038044095039368,0.6195135712623596,0.7068169713020325,-0.10451257228851318,0.7343327403068542,0.545425534248352,-0.05426088720560074,0.6795674562454224,0.6061316728591919,-0.10224089026451111,0.6618040800094604,0.706339955329895,-0.09306841343641281,0.6594178676605225,0.759333610534668,-0.07379323989152908,0.7669515609741211,0.5997785925865173,-0.06774497032165527,0.7228047847747803,0.649348795413971,-0.09373511373996735,0.702747642993927,0.7200546860694885,-0.08280441164970398,0.6970670223236084,0.7575036287307739,-0.06660221517086029,señalar
0.7576505541801453,0.823072612285614,-8.596619522904803e-07,0.6758519411087036,0.7320547103881836,-0.008102435618638992,0.625399649143219,0.621709406375885,-0.020425669848918915,0.5949934124946594,0.5420151352882385,-0.036370888352394104,0.5673714876174927,0.49289679527282715,-0.05024474486708641,0.6882721781730652,0.4751218855381012,-0.020050223916769028,0.6320750713348389,0.41151976585388184,-0.05954384431242943,0.5896517038345337,0.4602988362312317,-0.07924537360668182,0.5677323341369629,0.5286238193511963,-0.08630986511707306,0.7248108983039856,0.5004494190216064,-0.03293583542108536,0.6391905546188354,0.5157575607299805,-0.07030491530895233,0.6092022657394409,0.6279586553573608,-0.07184366881847382,0.6151614189147949,0.6865351796150208,-0.06631829589605331,0.7530449032783508,0.557198703289032,-0.05027901381254196,0.6714321374893188,0.5851848721504211,-0.08422244340181351,0.6447818875312805,0.6786571145057678,-0.07147008180618286,0.6500481963157654,0.7235050201416016,-0.05619075521826744,0.7728701829910278,0.6334488391876221,-0.06924619525671005,0.7079581618309021,0.6467580795288086,-0.08913533389568329,0.6777014136314392,0.706031322479248,-0.07949601113796234,0.6748062372207642,0.7385962605476379,-0.06752096861600876,señalar
0.788240909576416,0.812310516834259,-6.65450556880387e-07,0.71961909532547,0.6906349658966064,-0.0005516025121323764,0.6784740686416626,0.5568745136260986,-0.00937592051923275,0.6522310376167297,0.45164304971694946,-0.019808119162917137,0.6333395838737488,0.36663973331451416,-0.02980397641658783,0.7178956866264343,0.4669554829597473,-0.026947977021336555,0.6228018999099731,0.4747879207134247,-0.04998916760087013,0.5930559039115906,0.5377461910247803,-0.058690670877695084,0.5933265686035156,0.5790265798568726,-0.06307351589202881,0.7373607158660889,0.5200305581092834,-0.039109449833631516,0.6243433952331543,0.5638822913169861,-0.05967099219560623,0.6223469376564026,0.6232503056526184,-0.0562858022749424,0.6478631496429443,0.6375821232795715,-0.055579669773578644,0.7486239671707153,0.5913840532302856,-0.052162304520606995,0.6436059474945068,0.6366580128669739,-0.0720253586769104,0.6467695832252502,0.6857924461364746,-0.0593433640897274,0.6717537641525269,0.6892008781433105,-0.051359206438064575,0.7550270557403564,0.672457218170166,-0.06542161107063293,0.670242428779602,0.699195146560669,-0.08015578240156174,0.6652248501777649,0.7329142093658447,-0.07423846423625946,0.6796759963035583,0.7375671863555908,-0.06897507607936859,señalar
0.8047404885292053,0.7627125978469849,-4.968514417669212e-07,0.7682679295539856,0.6397523880004883,-0.0036225856747478247,0.71637362241745,0.5061152577400208,-0.01481386087834835,0.6842859983444214,0.39968496561050415,-0.026735510677099228,0.6804866194725037,0.3020312786102295,-0.03726699948310852,0.7238487601280212,0.454454243183136,-0.035418905317783356,0.6130689978599548,0.4895957410335541,-0.06421739608049393,0.6279340386390686,0.5475940108299255,-0.07136886566877365,0.661740243434906,0.554484486579895,-0.07257632166147232,0.7300264835357666,0.5329550504684448,-0.04667514190077782,0.608034074306488,0.584475576877594,-0.07414835691452026,0.6346507668495178,0.6237986087799072,-0.06895405054092407,0.6696955561637878,0.6170660257339478,-0.06466106325387955,0.7312275767326355,0.6195892691612244,-0.058998629450798035,0.6174682974815369,0.6546311378479004,-0.08688055723905563,0.6449592113494873,0.6859599351882935,-0.07224453240633011,0.680263340473175,0.676326334476471,-0.05980478972196579,0.7319185137748718,0.7068315744400024,-0.07090671360492706,0.6370920538902283,0.7186194062232971,-0.09269001334905624,0.6575177907943726,0.7385040521621704,-0.08649731427431107,0.6920071840286255,0.7353177070617676,-0.07806717604398727,señalar
0.8035513162612915,0.7234747409820557,-4.3771714786089433e-07,0.781243085861206,0.5982057452201843,0.0021917163394391537,0.7263373732566833,0.46270328760147095,-0.010269228368997574,0.6961729526519775,0.3584640622138977,-0.024799620732665062,0.7073436975479126,0.2613290250301361,-0.03911532461643219,0.7143393158912659,0.43505117297172546,-0.04175807908177376,0.6072998046875,0.46170997619628906,-0.070784792304039,0.6274471879005432,0.5053049325942993,-0.07797815650701523,0.6611502766609192,0.5013951063156128,-0.0788256898522377,0.7125879526138306,0.51958829164505,-0.055624280124902725,0.5972535610198975,0.5546355247497559,-0.08097461611032486,0.6252313256263733,0.5848513841629028,-0.072757288813591,0.6597657799720764,0.5722246170043945,-0.06652885675430298,0.7086269855499268,0.611308753490448,-0.06927794963121414,0.5974844098091125,0.6257364749908447,-0.09271380305290222,0.626272976398468,0.6538163423538208,-0.07326791435480118,0.6624974608421326,0.6475105881690979,-0.0580296628177166,0.7044138312339783,0.7000584602355957,-0.08210863918066025,0.6108430624008179,0.7009437680244446,-0.09949500113725662,0.6317468285560608,0.7133430242538452,-0.08922653645277023,0.6660047769546509,0.7093248963356018,-0.07881936430931091,señalar
0.7974451780319214,0.7220080494880676,-3.9555351349918055e-07,0.7759628295898438,0.5847872495651245,0.006258984562009573,0.7240617275238037,0.44526028633117676,-0.005202744621783495,0.6952741742134094,0.34118887782096863,-0.019604340195655823,0.706232488155365,0.24661323428153992,-0.03434652462601662,0.7062473893165588,0.43063274025917053,-0.03725552186369896,0.5991438627243042,0.4513753354549408,-0.06390006840229034,0.621338427066803,0.48975884914398193,-0.07177568972110748,0.6549853086471558,0.4858176112174988,-0.073264479637146,0.7000987529754639,0.5196388363838196,-0.052079830318689346,0.5894345641136169,0.540452241897583,-0.0738992691040039,0.6182836890220642,0.5666084885597229,-0.06637097150087357,0.6527475118637085,0.5580869317054749,-0.061105936765670776,0.6927350163459778,0.6108180284500122,-0.06599314510822296,0.5874159336090088,0.6116335391998291,-0.08462429791688919,0.616350531578064,0.6355230212211609,-0.06536155194044113,0.6519157886505127,0.6329556703567505,-0.05115174874663353,0.6852846145629883,0.696746826171875,-0.0788647010922432,0.5968316793441772,0.6824687719345093,-0.09084244817495346,0.619672417640686,0.6953333020210266,-0.07762756198644638,0.6536644101142883,0.6971030235290527,-0.06589926779270172,señalar
0.7956951856613159,0.7190724611282349,-3.4087389622072806e-07,0.7732004523277283,0.5811735987663269,0.005010522902011871,0.7214750647544861,0.44189220666885376,-0.00783650204539299,0.6969677209854126,0.3353624641895294,-0.023618657141923904,0.7097423672676086,0.24037492275238037,-0.03990895673632622,0.7033421993255615,0.43296754360198975,-0.03937873989343643,0.598506510257721,0.45501428842544556,-0.06619448214769363,0.6231486797332764,0.4885292649269104,-0.07500993460416794,0.6565001606941223,0.4801715612411499,-0.07733296602964401,0.696540117263794,0.5237717628479004,-0.053950920701026917,0.588342547416687,0.5418456792831421,-0.07581266015768051,0.6177690029144287,0.5644146203994751,-0.06877703964710236,0.6520328521728516,0.5554385185241699,-0.06378492712974548,0.6883136630058289,0.6153579354286194,-0.06758062541484833,0.585031270980835,0.6120023131370544,-0.08559650927782059,0.6138957738876343,0.6326158046722412,-0.06673280894756317,0.6494303345680237,0.6302664279937744,-0.052749037742614746,0.6797270774841309,0.699468195438385,-0.08039257675409317,0.5946224927902222,0.6809679269790649,-0.09130404889583588,0.6165293455123901,0.6915014386177063,-0.07782358676195145,0.6491203308105469,0.6935843825340271,-0.06603603065013885,señalar
0.794618546962738,0.7228950262069702,-3.3323786396977084e-07,0.7713819742202759,0.5845935940742493,0.004044846165925264,0.7206612229347229,0.4449045658111572,-0.010133267380297184,0.6953885555267334,0.3386092185974121,-0.02663372829556465,0.7092224359512329,0.24217253923416138,-0.043648503720760345,0.700939416885376,0.43878698348999023,-0.04368947073817253,0.5955557823181152,0.4639401137828827,-0.07050570845603943,0.6204498410224915,0.4970906972885132,-0.0782518982887268,0.654442548751831,0.4891301095485687,-0.07958496361970901,0.6951682567596436,0.5311469435691833,-0.05773818865418434,0.586141049861908,0.552743673324585,-0.07903976738452911,0.6153025031089783,0.5744817852973938,-0.07083213329315186,0.6495608687400818,0.5642561316490173,-0.06523790955543518,0.6882184147834778,0.6239028573036194,-0.07059288024902344,0.5846338272094727,0.6228488683700562,-0.08844898641109467,0.6133692264556885,0.6423824429512024,-0.06915144622325897,0.6490254998207092,0.6386127471923828,-0.05506587773561478,0.6814151406288147,0.7086325287818909,-0.08249882608652115,0.5952231884002686,0.6929910778999329,-0.09347289800643921,0.6173422336578369,0.7021787166595459,-0.07974831014871597,0.6505487561225891,0.7027052044868469,-0.06779816001653671,señalar
0.7934311032295227,0.727361798286438,-3.2410559924755944e-07,0.770443320274353,0.5894221663475037,0.0030963635072112083,0.7185308337211609,0.4482717216014862,-0.011005776934325695,0.6926253437995911,0.3417261242866516,-0.027040496468544006,0.7060301303863525,0.24542304873466492,-0.04363885149359703,0.6989861130714417,0.44396254420280457,-0.04496338590979576,0.5935051441192627,0.46957916021347046,-0.07055187225341797,0.6173886060714722,0.502301037311554,-0.07782136648893356,0.6507650017738342,0.4948616623878479,-0.07919324934482574,0.6924375295639038,0.5356788635253906,-0.05822763219475746,0.5836583375930786,0.5582649111747742,-0.0784265324473381,0.612485945224762,0.5792137384414673,-0.07012554258108139,0.6466760039329529,0.569930374622345,-0.0646396204829216,0.6852499842643738,0.6284757256507874,-0.07014676183462143,0.5812441110610962,0.6287340521812439,-0.08724045753479004,0.6102095246315002,0.6473406553268433,-0.06842374801635742,0.6461881995201111,0.6443121433258057,-0.05480964854359627,0.6783050894737244,0.7143021821975708,-0.08114062994718552,0.5927408337593079,0.700373113155365,-0.09218691289424896,0.6147482395172119,0.7081292867660522,-0.0789872258901596,0.6473854184150696,0.7082493305206299,-0.06746625155210495,señalar
0.7891585230827332,0.7311692833900452,-3.2413251460639003e-07,0.7652562260627747,0.5935620069503784,0.0036501120775938034,0.7125601768493652,0.4553638994693756,-0.010280159302055836,0.6864400506019592,0.3497588634490967,-0.02643721178174019,0.6992939114570618,0.2532581388950348,-0.043353255838155746,0.6912581920623779,0.45304226875305176,-0.04414832964539528,0.586261510848999,0.47852426767349243,-0.06990813463926315,0.609937846660614,0.5118234157562256,-0.07767514884471893,0.643746018409729,0.5049317479133606,-0.07935982197523117,0.6853238344192505,0.545133113861084,-0.05761907994747162,0.5780938267707825,0.5672478675842285,-0.07744614034891129,0.606550931930542,0.5891231298446655,-0.06938578933477402,0.6406701803207397,0.5809355974197388,-0.064200259745121,0.678671658039093,0.6376882791519165,-0.06974994391202927,0.5764187574386597,0.6385873556137085,-0.08623363822698593,0.6051518321037292,0.657520055770874,-0.06755860894918442,0.6412009000778198,0.6550359725952148,-0.05426447093486786,0.6721298694610596,0.7232939004898071,-0.08093315362930298,0.5871163606643677,0.7099682688713074,-0.0911882221698761,0.6091172695159912,0.717860221862793,-0.07761281728744507,0.6419165730476379,0.7182801365852356,-0.0660606324672699,señalar
0.7859094142913818,0.7383270859718323,-2.9773795517940016e-07,0.7609819769859314,0.6005394458770752,0.0021333324257284403,0.7066991925239563,0.46308594942092896,-0.011808809824287891,0.6796889305114746,0.3576214909553528,-0.027872486039996147,0.6921570301055908,0.26061081886291504,-0.04455195739865303,0.6843118071556091,0.46514248847961426,-0.043551456183195114,0.5792506337165833,0.49116379022598267,-0.07024436444044113,0.6036006808280945,0.5212871432304382,-0.0793984979391098,0.6384240388870239,0.5149297118186951,-0.0817105770111084,0.6778448820114136,0.5574392676353455,-0.056185510009527206,0.5718536376953125,0.5782826542854309,-0.07699085026979446,0.6010333299636841,0.5965096950531006,-0.0704941675066948,0.6356472969055176,0.5894717574119568,-0.0659407302737236,0.6706940531730652,0.6495128870010376,-0.06771059334278107,0.5698838829994202,0.6489494442939758,-0.08503901213407516,0.5993443131446838,0.6653537750244141,-0.06751377135515213,0.6357981562614441,0.6650028228759766,-0.05442015454173088,0.6631349325180054,0.7346014380455017,-0.07848469167947769,0.5804159045219421,0.7204000949859619,-0.08933312445878983,0.6027122735977173,0.7263447642326355,-0.076463483273983,0.6350647211074829,0.7281781435012817,-0.06509778648614883,señalar
0.7672218680381775,0.7442309260368347,-1.8374691990175052e-07,0.7386094331741333,0.602487325668335,0.0015306504210457206,0.682690441608429,0.47325053811073303,-0.011805529706180096,0.650930643081665,0.3732173442840576,-0.026674574241042137,0.6622267961502075,0.2756851315498352,-0.0429028756916523,0.6517683267593384,0.4940749704837799,-0.04453574866056442,0.5490713715553284,0.516197919845581,-0.0663347914814949,0.5715758800506592,0.5399250984191895,-0.07358178496360779,0.6060596108436584,0.5357925891876221,-0.07531064003705978,0.6438764333724976,0.5892626643180847,-0.0552656464278698,0.5444110631942749,0.5962240695953369,-0.07074220478534698,0.571175217628479,0.6133126020431519,-0.06471925228834152,0.605024516582489,0.6147288084030151,-0.06100320443511009,0.6374706029891968,0.6856149435043335,-0.0639977976679802,0.5427899360656738,0.6733036637306213,-0.07619055360555649,0.5691344141960144,0.6866937875747681,-0.05902520567178726,0.6038478016853333,0.6923178434371948,-0.04689153656363487,0.6320713758468628,0.7758883237838745,-0.0718640387058258,0.5518197417259216,0.7506656646728516,-0.07871256023645401,0.5711565017700195,0.7543270587921143,-0.06362898647785187,0.6000193953514099,0.7621315717697144,-0.05117819830775261,señalar
0.7418047785758972,0.7350473403930664,-1.2717623576463666e-07,0.7112964987754822,0.5868821740150452,0.0032971068285405636,0.6547144055366516,0.4663658142089844,-0.0076299081556499004,0.6194571256637573,0.3686268925666809,-0.020484814420342445,0.6273411512374878,0.27161484956741333,-0.0348300002515316,0.6118811964988708,0.5035216212272644,-0.03547777608036995,0.5165687799453735,0.5216185450553894,-0.05234842747449875,0.5408031344413757,0.5369369983673096,-0.05922813341021538,0.574790358543396,0.5336782932281494,-0.061356063932180405,0.6030416488647461,0.6016601920127869,-0.04489721357822418,0.5146130323410034,0.6012157797813416,-0.05480370670557022,0.5426322221755981,0.6136294603347778,-0.05022212117910385,0.5761542320251465,0.6176779270172119,-0.04777088388800621,0.5969829559326172,0.6977968215942383,-0.05206547677516937,0.5142592787742615,0.6799290180206299,-0.05794209614396095,0.5403233766555786,0.6879776120185852,-0.042355820536613464,0.5730095505714417,0.694007933139801,-0.032314132899045944,0.5936363339424133,0.7871898412704468,-0.05853636562824249,0.5221051573753357,0.7535075545310974,-0.06057719513773918,0.5430706143379211,0.755433976650238,-0.04445141181349754,0.5702071189880371,0.7644652128219604,-0.03174686059355736,señalar
0.7111110687255859,0.7014797329902649,-1.4553093308222742e-07,0.6777791380882263,0.5538536310195923,0.0038377961609512568,0.6171212196350098,0.4414047598838806,-0.004138128831982613,0.575517475605011,0.35098496079444885,-0.013792009092867374,0.5746389627456665,0.25990673899650574,-0.025072604417800903,0.5691811442375183,0.4817746877670288,-0.028401611372828484,0.4877327084541321,0.5135079622268677,-0.04234647750854492,0.5106608867645264,0.5256317853927612,-0.04937589913606644,0.5427234768867493,0.524108350276947,-0.05192488059401512,0.5600987672805786,0.5797699689865112,-0.037033967673778534,0.4813884496688843,0.5885590314865112,-0.044116824865341187,0.5076691508293152,0.5991261601448059,-0.04095135256648064,0.5410968065261841,0.6044434309005737,-0.039352502673864365,0.5558526515960693,0.6754762530326843,-0.04342341050505638,0.4840810298919678,0.6636515855789185,-0.04669145867228508,0.5092870593070984,0.6718205213546753,-0.03276771679520607,0.5398392677307129,0.6789349913597107,-0.024458909407258034,0.5561464428901672,0.7648742198944092,-0.0491807721555233,0.4934784471988678,0.7354715466499329,-0.049635689705610275,0.5169722437858582,0.73856520652771,-0.03376922011375427,0.5422340631484985,0.7468761801719666,-0.021494103595614433,señalar
0.7022328972816467,0.6849738955497742,-1.6250993439825834e-07,0.6674634218215942,0.5370430946350098,0.004690301138907671,0.6045224666595459,0.43184518814086914,-0.0013323964085429907,0.5573994517326355,0.34649476408958435,-0.00889529101550579,0.552374005317688,0.25484979152679443,-0.017551997676491737,0.553343653678894,0.4761561155319214,-0.024124575778841972,0.4749825596809387,0.510859489440918,-0.034367531538009644,0.5014190673828125,0.5181126594543457,-0.03864491730928421,0.5323001146316528,0.5111129283905029,-0.04015792906284332,0.5447830557823181,0.5736435651779175,-0.03183324262499809,0.4714639484882355,0.5853911638259888,-0.03500201925635338,0.49936577677726746,0.5936611294746399,-0.02974383346736431,0.5304462909698486,0.5960215330123901,-0.027623502537608147,0.5421887040138245,0.6684923768043518,-0.03737016022205353,0.47382214665412903,0.659234881401062,-0.03805859014391899,0.5001761317253113,0.6649048924446106,-0.02349853701889515,0.5300149917602539,0.6687902212142944,-0.015487758442759514,0.5448350310325623,0.7559342384338379,-0.04221973568201065,0.48495543003082275,0.7309041619300842,-0.04139580950140953,0.5078176856040955,0.7309740781784058,-0.02571846731007099,0.5315940976142883,0.7356157898902893,-0.013840432278811932,señalar
0.7059103846549988,0.6924939751625061,-1.833263354455994e-07,0.6665768027305603,0.5459567904472351,0.0026773156132549047,0.6020582318305969,0.4428330063819885,-0.00431042117998004,0.5514330863952637,0.3595513701438904,-0.012423006817698479,0.5459895730018616,0.2655709683895111,-0.021446021273732185,0.5549528002738953,0.492295503616333,-0.026347476989030838,0.4780523180961609,0.5277156829833984,-0.0359494574368,0.504757285118103,0.5353677272796631,-0.03873227909207344,0.5356765985488892,0.5281987190246582,-0.039381373673677444,0.5468959212303162,0.5891904234886169,-0.0335531085729599,0.4720602035522461,0.6035180687904358,-0.03701278567314148,0.4989052414894104,0.6112848520278931,-0.03117954544723034,0.5295769572257996,0.6124451160430908,-0.028740229085087776,0.5446587800979614,0.6831043362617493,-0.03859953209757805,0.47351768612861633,0.6766372323036194,-0.04064267501235008,0.5004341006278992,0.6813767552375793,-0.025790056213736534,0.5310662984848022,0.6839911937713623,-0.01734471507370472,0.5480697751045227,0.7696559429168701,-0.04302024841308594,0.48463335633277893,0.7463180422782898,-0.04360717535018921,0.507956326007843,0.7447722554206848,-0.02773788571357727,0.5336443185806274,0.7487732768058777,-0.015634294599294662,señalar
0.7145980596542358,0.7003464102745056,-2.1627010937663727e-07,0.6743652820587158,0.5592103004455566,0.004135633818805218,0.6056128740310669,0.4616383910179138,-0.0009332211338914931,0.5512774586677551,0.38634490966796875,-0.007128242868930101,0.5355403423309326,0.299498051404953,-0.013903044164180756,0.565340518951416,0.5048982501029968,-0.02614148147404194,0.4792902171611786,0.5358808636665344,-0.038297753781080246,0.5027338266372681,0.5488663911819458,-0.04170216992497444,0.5360687375068665,0.5448365807533264,-0.04140389710664749,0.5589057207107544,0.6008408665657043,-0.03309868648648262,0.47815409302711487,0.6165037751197815,-0.03767836466431618,0.50489342212677,0.6269115209579468,-0.03165992349386215,0.536670446395874,0.6267570853233337,-0.02852608449757099,0.5569035410881042,0.6955816745758057,-0.03812338039278984,0.4825849235057831,0.6913620829582214,-0.04054972901940346,0.5090010166168213,0.6967278122901917,-0.02549736574292183,0.5396935343742371,0.6976927518844604,-0.016615819185972214,0.5591132044792175,0.7848643660545349,-0.04232778027653694,0.492662250995636,0.7633139491081238,-0.04352603107690811,0.5148201584815979,0.7612242698669434,-0.028638239949941635,0.5400232076644897,0.7643105983734131,-0.017050445079803467,señalar
0.7464380264282227,0.7345450520515442,-3.9816953290028323e-07,0.7010779976844788,0.5945006012916565,0.007447820156812668,0.6269655227661133,0.513179361820221,0.004818683955818415,0.5557852983474731,0.48565518856048584,0.0002485834411345422,0.5010794401168823,0.4826919138431549,-0.00369065604172647,0.6079232692718506,0.49833521246910095,-0.02397657372057438,0.5016360282897949,0.5007370710372925,-0.039545223116874695,0.5185315012931824,0.5379667282104492,-0.043858956545591354,0.5544163584709167,0.5520983338356018,-0.04287633299827576,0.5991464257240295,0.5911235809326172,-0.03349738568067551,0.5014542937278748,0.5968109369277954,-0.04089865833520889,0.5281657576560974,0.6222141981124878,-0.03473573178052902,0.5631975531578064,0.6267479658126831,-0.030805939808487892,0.5931661128997803,0.686445951461792,-0.04116756469011307,0.5033427476882935,0.6755251884460449,-0.04629087075591087,0.530170202255249,0.6906651258468628,-0.030595842748880386,0.5641545653343201,0.69635409116745,-0.02066751942038536,0.5900909304618835,0.7753787040710449,-0.047646164894104004,0.5144961476325989,0.7487536668777466,-0.050899047404527664,0.5340556502342224,0.7536660432815552,-0.03551732376217842,0.562699556350708,0.7612546682357788,-0.02308006025850773,señalar
0.7730848789215088,0.7607462406158447,-5.929963009521089e-08,0.7380143404006958,0.617064356803894,0.0024876645766198635,0.6644979119300842,0.5241251587867737,-0.004832428880035877,0.5958319902420044,0.5026212930679321,-0.011740965768694878,0.5449737906455994,0.5205589532852173,-0.020903967320919037,0.6575716733932495,0.49079209566116333,-0.03717389330267906,0.5708968639373779,0.4227234125137329,-0.0532432422041893,0.5212697982788086,0.3891195058822632,-0.058723751455545425,0.4819919764995575,0.3700525462627411,-0.06180619075894356,0.6381587386131287,0.5761038064956665,-0.04776221886277199,0.5329391956329346,0.5488071441650391,-0.06439151614904404,0.5549911856651306,0.5605762600898743,-0.05908552557229996,0.5900858044624329,0.5751070976257324,-0.05328938737511635,0.6249278783798218,0.6691551804542542,-0.05520923435688019,0.5305829048156738,0.6298111081123352,-0.06731224060058594,0.5544434189796448,0.6333692669868469,-0.049993421882390976,0.5881365537643433,0.6474252343177795,-0.03685440495610237,0.6159653067588806,0.755088746547699,-0.06181048974394798,0.5365088582038879,0.7103728652000427,-0.06834209710359573,0.5534245371818542,0.7042329907417297,-0.05263582617044449,0.5818777084350586,0.7186136245727539,-0.039830282330513,señalar
0.7964457869529724,0.7829262018203735,2.557653822066186e-08,0.7749659419059753,0.640530526638031,0.0022880900651216507,0.7128109931945801,0.5334143042564392,-0.007701116614043713,0.6511762738227844,0.5128868818283081,-0.017398111522197723,0.60194993019104,0.5373042225837708,-0.030229410156607628,0.7045060396194458,0.48005616664886475,-0.04371778294444084,0.6249632835388184,0.37396806478500366,-0.06647025793790817,0.5794600248336792,0.30911171436309814,-0.07772587239742279,0.5412851572036743,0.25711590051651,-0.08515959978103638,0.6801451444625854,0.5552542209625244,-0.055548880249261856,0.5675575137138367,0.520752489566803,-0.07801398634910583,0.5864963531494141,0.5571903586387634,-0.07402512431144714,0.6188557147979736,0.5765711665153503,-0.06882460415363312,0.6598431468009949,0.6440421938896179,-0.06424648314714432,0.5551803708076477,0.594640851020813,-0.08166609704494476,0.578997015953064,0.6175744533538818,-0.062380168586969376,0.6130818724632263,0.635336697101593,-0.04662925377488136,0.6453046202659607,0.7272192239761353,-0.0720561221241951,0.5637148022651672,0.6711718440055847,-0.08369690179824829,0.5826376080513,0.6783536672592163,-0.06692749261856079,0.6121194958686829,0.6979249119758606,-0.05189025029540062,señalar
0.8118554949760437,0.8059308528900146,-4.445438506195387e-08,0.8005821108818054,0.6601954698562622,0.01040057186037302,0.7549198865890503,0.5462648868560791,0.0011948890751227736,0.7016656994819641,0.5102033615112305,-0.010151784867048264,0.6551121473312378,0.5125132203102112,-0.02483077347278595,0.757244348526001,0.47875308990478516,-0.04304387792944908,0.6923338770866394,0.3279680609703064,-0.06940633058547974,0.6611200571060181,0.2411770522594452,-0.0827457457780838,0.6374337673187256,0.16281282901763916,-0.09132645279169083,0.7345471382141113,0.5398403406143188,-0.05952976271510124,0.6211691498756409,0.4767608642578125,-0.08341486752033234,0.6234566569328308,0.5324945449829102,-0.07861680537462234,0.650059163570404,0.5597274303436279,-0.07405883073806763,0.7093755602836609,0.6173932552337646,-0.07269357889890671,0.605593740940094,0.5503683686256409,-0.09000848233699799,0.6183651685714722,0.5908303260803223,-0.06955735385417938,0.6501586437225342,0.6110685467720032,-0.053729575127363205,0.6876294612884521,0.6918970942497253,-0.08477386832237244,0.6040979623794556,0.6202705502510071,-0.09529558569192886,0.6139033436775208,0.6374987959861755,-0.07815545797348022,0.6413280367851257,0.6591615080833435,-0.06311991065740585,señalar
0.8105289340019226,0.8096497654914856,-6.578498101816876e-08,0.8020366430282593,0.6637737154960632,0.014913778752088547,0.7629832029342651,0.5459954142570496,0.005949227139353752,0.7128499746322632,0.5006916522979736,-0.005911551881581545,0.6668221950531006,0.4994181990623474,-0.02195633575320244,0.765774667263031,0.4761165976524353,-0.0419074147939682,0.7071204781532288,0.322468101978302,-0.07040707021951675,0.6785922050476074,0.23012104630470276,-0.08679281175136566,0.6571744680404663,0.14858326315879822,-0.09806378185749054,0.7473853230476379,0.5321536064147949,-0.06058496981859207,0.631903350353241,0.4664805233478546,-0.08530747145414352,0.6340947151184082,0.5286805629730225,-0.07942517846822739,0.6613971590995789,0.5580217838287354,-0.07461061328649521,0.7232556343078613,0.6085428595542908,-0.07576420158147812,0.6161456108093262,0.544029951095581,-0.09338772296905518,0.6275677680969238,0.5881897807121277,-0.07071438431739807,0.660094678401947,0.6091745495796204,-0.05396544933319092,0.6999024152755737,0.6846319437026978,-0.08942554146051407,0.6140334010124207,0.6135802268981934,-0.10086901485919952,0.6238850355148315,0.6388819813728333,-0.0826612189412117,0.6515169739723206,0.6628780961036682,-0.06697295606136322,señalar
0.806899905204773,0.8225956559181213,-1.1813841638286249e-07,0.7998455762863159,0.6760733127593994,0.015970773994922638,0.7653781771659851,0.5523358583450317,0.007461571600288153,0.7177130579948425,0.49808087944984436,-0.004706729203462601,0.6725151538848877,0.4906752109527588,-0.020605286583304405,0.7669824957847595,0.47527584433555603,-0.035003662109375,0.7120416760444641,0.32376283407211304,-0.06451670080423355,0.6868042945861816,0.22972539067268372,-0.0825948640704155,0.6693779230117798,0.14631599187850952,-0.09539519250392914,0.7543326616287231,0.5302895307540894,-0.0547381266951561,0.6379039883613586,0.4663034975528717,-0.08129014074802399,0.6399031281471252,0.5352590084075928,-0.07642162591218948,0.6688246130943298,0.5623846054077148,-0.07214976847171783,0.7325195074081421,0.6045540571212769,-0.07163350284099579,0.6210473775863647,0.5398228168487549,-0.09167395532131195,0.63141930103302,0.5912274122238159,-0.06913559138774872,0.6654298305511475,0.6111000180244446,-0.05231118202209473,0.7089574337005615,0.6795144081115723,-0.08710218966007233,0.6183966398239136,0.6144895553588867,-0.10053294152021408,0.6283019185066223,0.6465311050415039,-0.08314201980829239,0.6578325033187866,0.6691184639930725,-0.06787899881601334,señalar
0.8039984107017517,0.8292856216430664,-1.7087948833705013e-07,0.7937482595443726,0.6872696280479431,0.013252229429781437,0.7616207599639893,0.5612521171569824,0.0041269524954259396,0.7143353819847107,0.5036752820014954,-0.008922227658331394,0.6692808866500854,0.4944504201412201,-0.025280483067035675,0.767792284488678,0.4754140377044678,-0.030261222273111343,0.713796079158783,0.3284000754356384,-0.05985046550631523,0.6874632835388184,0.23315700888633728,-0.07776546478271484,0.6705162525177002,0.14991027116775513,-0.09086889028549194,0.7613586187362671,0.5280564427375793,-0.050064679235219955,0.6417537331581116,0.46569934487342834,-0.0803770124912262,0.6423335075378418,0.5394127368927002,-0.07773672789335251,0.6730156540870667,0.568442165851593,-0.07373078912496567,0.7436178922653198,0.6009159088134766,-0.0678025558590889,0.6295787692070007,0.5437437891960144,-0.09217378497123718,0.6391481161117554,0.5991097092628479,-0.07198606431484222,0.6748008131980896,0.6165733933448792,-0.055612049996852875,0.7217715978622437,0.6751497387886047,-0.08440665155649185,0.629795491695404,0.6232181787490845,-0.1014699637889862,0.6394716501235962,0.6586542725563049,-0.08671985566616058,0.6703904271125793,0.6783949136734009,-0.07268854230642319,señalar
0.7815312743186951,0.8588486909866333,-1.809130623087185e-07,0.6958913207054138,0.754370927810669,-0.01115910429507494,0.654701292514801,0.6504364013671875,-0.03649912774562836,0.6307669281959534,0.576612114906311,-0.06711335480213165,0.6306307315826416,0.5513325333595276,-0.09811379760503769,0.7363467812538147,0.47861558198928833,-0.026633810251951218,0.6968613862991333,0.34592628479003906,-0.06249513477087021,0.6772626638412476,0.25210443139076233,-0.08624741435050964,0.6661494374275208,0.1714293360710144,-0.10472006350755692,0.7741475701332092,0.5018413662910461,-0.04320910573005676,0.6681631207466125,0.503211259841919,-0.08568554371595383,0.6628804206848145,0.5928509831428528,-0.08678244054317474,0.6891084909439087,0.6144641637802124,-0.08210840821266174,0.7930623888969421,0.5597469806671143,-0.06315746158361435,0.6849152445793152,0.5809900164604187,-0.09677228331565857,0.6836333870887756,0.6483823657035828,-0.07490851730108261,0.7098737359046936,0.6643446087837219,-0.055795107036828995,0.7943757176399231,0.635908842086792,-0.08647949993610382,0.7117648124694824,0.6419439911842346,-0.10651926696300507,0.7049368619918823,0.6884452104568481,-0.09186004847288132,0.7224127054214478,0.7094060778617859,-0.07743191719055176,señalar
0.7581331729888916,0.8627680540084839,-3.0076341772655724e-07,0.7039781808853149,0.8035694360733032,-0.02802610956132412,0.6557755470275879,0.7011849880218506,-0.051535628736019135,0.6408247947692871,0.5975400805473328,-0.07778339087963104,0.6800094246864319,0.552562952041626,-0.10249866545200348,0.680708646774292,0.5250753164291382,-0.028095383197069168,0.6587032675743103,0.3674114942550659,-0.06698940694332123,0.6456799507141113,0.27632349729537964,-0.08824344724416733,0.64225172996521,0.1928042769432068,-0.10251522064208984,0.726175844669342,0.5278220176696777,-0.03452963009476662,0.7008975744247437,0.49234819412231445,-0.0898943692445755,0.6924734115600586,0.6160113215446472,-0.09492380917072296,0.7011127471923828,0.6643774509429932,-0.08508685976266861,0.7700496912002563,0.549543023109436,-0.046098288148641586,0.7426712512969971,0.5373608469963074,-0.09583550691604614,0.7291062474250793,0.6533399820327759,-0.07572660595178604,0.7367998361587524,0.688764214515686,-0.04901651293039322,0.811318039894104,0.5888681411743164,-0.06140449270606041,0.7850017547607422,0.5763660073280334,-0.08578218519687653,0.7660700678825378,0.6598188877105713,-0.06732413917779922,0.7695562839508057,0.6914427280426025,-0.04631232097744942,señalar
0.7388646006584167,0.8638087511062622,-2.810317027979181e-07,0.6886637210845947,0.8213585615158081,-0.029564842581748962,0.6422716379165649,0.7240139842033386,-0.05234368145465851,0.6423732042312622,0.6304583549499512,-0.07627414911985397,0.6801432371139526,0.5721225142478943,-0.09871528297662735,0.6586444973945618,0.5341118574142456,-0.03963562473654747,0.6404457092285156,0.3777890205383301,-0.08131610602140427,0.632592499256134,0.2858126163482666,-0.10630526393651962,0.6309801340103149,0.1958896815776825,-0.12357675284147263,0.7076674103736877,0.5377777218818665,-0.04390517622232437,0.6966293454170227,0.5165943503379822,-0.0958842858672142,0.6869779229164124,0.6414565443992615,-0.10092253237962723,0.6868541836738586,0.674389123916626,-0.09444459527730942,0.7545140981674194,0.5623653531074524,-0.052677955478429794,0.7452769875526428,0.5576251149177551,-0.09883692115545273,0.7269325256347656,0.6731873750686646,-0.07834542542695999,0.7242647409439087,0.6976049542427063,-0.054470039904117584,0.7965981960296631,0.6016519069671631,-0.06537234038114548,0.7888582944869995,0.5913951992988586,-0.09218371659517288,0.7652212381362915,0.6782258749008179,-0.07513881474733353,0.7578428387641907,0.7064380645751953,-0.0555591806769371,señalar
0.7281874418258667,0.8634227514266968,-2.556681124588067e-07,0.6792547702789307,0.8193622827529907,-0.03155253082513809,0.6328921318054199,0.7240495681762695,-0.055473364889621735,0.6303586959838867,0.6293528079986572,-0.08025480806827545,0.666149914264679,0.5666396021842957,-0.10322975367307663,0.6456843614578247,0.5378422737121582,-0.03935153782367706,0.6254284381866455,0.381083220243454,-0.08162230998277664,0.6166253685951233,0.2908715009689331,-0.1064065471291542,0.6141029596328735,0.20050236582756042,-0.12300718575716019,0.6936909556388855,0.5449478030204773,-0.0430900901556015,0.6820729970932007,0.5066101551055908,-0.0964854508638382,0.6752679347991943,0.635123074054718,-0.10133427381515503,0.6769875884056091,0.6714162826538086,-0.09382575750350952,0.7407191395759583,0.5677137970924377,-0.05172257870435715,0.7329317927360535,0.5397585034370422,-0.10141018778085709,0.7169404625892639,0.6622699499130249,-0.08066579699516296,0.7151683568954468,0.6934946775436401,-0.05514463037252426,0.7842967510223389,0.6037333607673645,-0.06401287019252777,0.7798333168029785,0.5657024383544922,-0.09350548684597015,0.7575427889823914,0.658961832523346,-0.07520679384469986,0.7497177720069885,0.6970352530479431,-0.053886156529188156,señalar
0.7255964279174805,0.8495010733604431,-2.3453549147234298e-07,0.6656014919281006,0.8017774820327759,-0.028216807171702385,0.6165679693222046,0.7179924845695496,-0.05142241716384888,0.5964893698692322,0.6358029842376709,-0.07581442594528198,0.6289055347442627,0.6055359244346619,-0.09887438267469406,0.6368112564086914,0.5296184420585632,-0.031052153557538986,0.6092048287391663,0.3973027467727661,-0.06700342148542404,0.5924906134605408,0.3114582300186157,-0.08829443901777267,0.5848158597946167,0.2324007749557495,-0.10405442118644714,0.6871575117111206,0.5127342939376831,-0.03647703304886818,0.6494404673576355,0.5337493419647217,-0.08416077494621277,0.6452654600143433,0.6392460465431213,-0.08865006268024445,0.6575299501419067,0.6723052859306335,-0.0812482237815857,0.7320926785469055,0.5378701090812683,-0.04668364301323891,0.6912840604782104,0.6000882387161255,-0.08595536649227142,0.6843687295913696,0.6858423352241516,-0.06844949722290039,0.6967880725860596,0.6943768262863159,-0.04743373021483421,0.7694986462593079,0.5863233208656311,-0.06144990772008896,0.7299070954322815,0.6392554640769958,-0.08078525215387344,0.7178944945335388,0.7051364779472351,-0.06670404225587845,0.7264949083328247,0.7146022915840149,-0.050697024911642075,señalar
0.7392991781234741,0.8527443408966064,-4.1533493799761345e-07,0.6594036221504211,0.8156147003173828,-0.018165649846196175,0.6007394194602966,0.7560714483261108,-0.037853021174669266,0.5685939788818359,0.7082608342170715,-0.0601235032081604,0.5753584504127502,0.6724240779876709,-0.08148813992738724,0.6150942444801331,0.550578236579895,-0.020825441926717758,0.5652728080749512,0.47009921073913574,-0.05193101987242699,0.5370749235153198,0.4184638559818268,-0.07453657686710358,0.5176116228103638,0.37637609243392944,-0.09075196832418442,0.6607025265693665,0.5280526280403137,-0.031502217054367065,0.6030780076980591,0.592844545841217,-0.07305262982845306,0.5963379740715027,0.6778528690338135,-0.08578026294708252,0.6037280559539795,0.7182791233062744,-0.08717883378267288,0.7021862268447876,0.5527653694152832,-0.045517463237047195,0.6413414478302002,0.6526437997817993,-0.07842321693897247,0.6457750201225281,0.7213902473449707,-0.06883195042610168,0.6615012288093567,0.7345906496047974,-0.056158073246479034,0.7355470061302185,0.6046743988990784,-0.0630766749382019,0.6842630505561829,0.6813706755638123,-0.0802571177482605,0.6814576983451843,0.7400119304656982,-0.06893599778413773,0.6929597854614258,0.7542765140533447,-0.05598141998052597,señalar
0.7430505752563477,0.8572670221328735,-3.6227373811925645e-07,0.6418567895889282,0.8438106179237366,-0.006407381035387516,0.5773126482963562,0.8196747303009033,-0.028588514775037766,0.5336867570877075,0.8133837580680847,-0.054337795823812485,0.5159357786178589,0.8152818083763123,-0.07999677956104279,0.5666010975837708,0.6094884276390076,-0.022608594968914986,0.482080340385437,0.6162064075469971,-0.05952209234237671,0.42819952964782715,0.608684241771698,-0.08741260319948196,0.38281553983688354,0.5967292785644531,-0.10789070278406143,0.6033083200454712,0.596511960029602,-0.039164550602436066,0.5203448534011841,0.7262078523635864,-0.0752091333270073,0.5515173673629761,0.7896963357925415,-0.08015038073062897,0.5824365019798279,0.7788407802581787,-0.08100603520870209,0.6385442018508911,0.6284126043319702,-0.058621589094400406,0.5598690509796143,0.7690055966377258,-0.08976408839225769,0.586094081401825,0.8188481330871582,-0.07396703213453293,0.6120796799659729,0.7999311685562134,-0.059958405792713165,0.6676586270332336,0.6887345314025879,-0.08011147379875183,0.6019772291183472,0.7898024916648865,-0.09777060896158218,0.6181775331497192,0.8327902555465698,-0.0833246260881424,0.6411116719245911,0.8260645270347595,-0.07007987052202225,señalar
0.7382925152778625,0.8549076914787292,-4.094119958608644e-07,0.6441521644592285,0.8503111004829407,-0.00852693896740675,0.575110912322998,0.8300318717956543,-0.028148045763373375,0.5278604030609131,0.8291488885879517,-0.05002763867378235,0.49982959032058716,0.8233613967895508,-0.07115037739276886,0.5590782165527344,0.6160212159156799,-0.02676413208246231,0.46822425723075867,0.6447369456291199,-0.062168750911951065,0.4108884930610657,0.647785484790802,-0.08775600045919418,0.3637756407260895,0.6386692523956299,-0.10663146525621414,0.593451201915741,0.6076300144195557,-0.041456203907728195,0.5092715620994568,0.7431809306144714,-0.08210249990224838,0.5401785373687744,0.8108475804328918,-0.08980372548103333,0.5717558264732361,0.8079456686973572,-0.09064619988203049,0.6250120997428894,0.6422255039215088,-0.05837298929691315,0.5456956028938293,0.7865658402442932,-0.09402168542146683,0.5716445446014404,0.8412380814552307,-0.0801486074924469,0.5981048941612244,0.8299319744110107,-0.06502516567707062,0.6522300839424133,0.7038529515266418,-0.07719971239566803,0.5883294343948364,0.7996258735656738,-0.09981541335582733,0.6001757979393005,0.845120370388031,-0.08830633014440536,0.6204401254653931,0.8467299938201904,-0.07511547207832336,señalar
0.7508106231689453,0.8445097208023071,-4.4418104039323225e-07,0.6569907665252686,0.8327694535255432,-0.007436749059706926,0.5881431102752686,0.8004761338233948,-0.026037197560071945,0.540005624294281,0.7922119498252869,-0.04605270177125931,0.5077664256095886,0.7942196726799011,-0.06505005806684494,0.5802448391914368,0.5870683193206787,-0.025986982509493828,0.48739010095596313,0.6327468752861023,-0.06102907657623291,0.42901384830474854,0.6495055556297302,-0.08685287833213806,0.38126140832901,0.6533606052398682,-0.1056838408112526,0.6130430698394775,0.5906438827514648,-0.04029334336519241,0.522545337677002,0.7263547778129578,-0.07793575525283813,0.5529762506484985,0.7856599688529968,-0.08466936647891998,0.5846177935600281,0.7773803472518921,-0.08636005222797394,0.6413646340370178,0.6331537961959839,-0.05670074373483658,0.5551032423973083,0.7713505625724792,-0.09079930186271667,0.581667959690094,0.8197304010391235,-0.07710324972867966,0.6092106103897095,0.8040703535079956,-0.06324568390846252,0.6654976606369019,0.6993083357810974,-0.07470761984586716,0.5954246520996094,0.7932884693145752,-0.09739235043525696,0.6097385883331299,0.8350188136100769,-0.08651947975158691,0.632315456867218,0.8312442898750305,-0.07450813055038452,señalar
0.7478256225585938,0.8516654968261719,-3.324891224565363e-07,0.663753867149353,0.8192543983459473,-0.008000984787940979,0.5992028117179871,0.7721205949783325,-0.029004469513893127,0.5510620474815369,0.7604697942733765,-0.05254213139414787,0.5294753313064575,0.7697519063949585,-0.07567282021045685,0.6059889793395996,0.5704573392868042,-0.030463755130767822,0.5183343887329102,0.5591874122619629,-0.06401943415403366,0.4623109996318817,0.550268292427063,-0.08155938982963562,0.42098385095596313,0.5313628911972046,-0.09392344206571579,0.6396395564079285,0.5817923545837402,-0.0464138463139534,0.5457280278205872,0.6940837502479553,-0.0875084400177002,0.5666248798370361,0.7598329186439514,-0.08890723437070847,0.592755913734436,0.7487651705741882,-0.08495411276817322,0.6665651798248291,0.6316068768501282,-0.06460200250148773,0.5757107138633728,0.7603818774223328,-0.10224831849336624,0.6015274524688721,0.8057612180709839,-0.08679898083209991,0.6283043026924133,0.7815497517585754,-0.07104291021823883,0.6877514123916626,0.7025091052055359,-0.08423882722854614,0.6149068474769592,0.7969290614128113,-0.10891518741846085,0.6295790672302246,0.8354470729827881,-0.0989186093211174,0.652437150478363,0.8236039876937866,-0.08760300278663635,señalar
0.7292011976242065,0.8877420425415039,-5.464282892830852e-08,0.6553665399551392,0.8194016814231873,-0.013539200648665428,0.6142590045928955,0.73482346534729,-0.03934921696782112,0.5852113962173462,0.674210250377655,-0.06877722591161728,0.5945096611976624,0.6758764982223511,-0.09958313405513763,0.6664415597915649,0.5644152164459229,-0.03543703630566597,0.6352057456970215,0.4389875531196594,-0.07254443317651749,0.6182993054389954,0.3517768681049347,-0.09804718941450119,0.6092350482940674,0.27595487236976624,-0.11780019849538803,0.7120720744132996,0.57453852891922,-0.050309427082538605,0.6280203461647034,0.6071553826332092,-0.09179530292749405,0.627764880657196,0.6961746215820312,-0.0916215106844902,0.6509793996810913,0.7092185020446777,-0.08575897663831711,0.7431543469429016,0.6283677220344543,-0.06824091821908951,0.6557161808013916,0.6772388219833374,-0.10077676177024841,0.6542096734046936,0.7385262846946716,-0.0787334218621254,0.6782394647598267,0.7414128184318542,-0.05874504894018173,0.7601410150527954,0.7044098973274231,-0.0892927348613739,0.6901854276657104,0.7298885583877563,-0.10957901924848557,0.6822249889373779,0.7732329368591309,-0.09420739114284515,0.6992394328117371,0.7845439314842224,-0.07864780724048615,señalar
0.7259223461151123,0.8978557586669922,-1.2146713856964197e-07,0.659833550453186,0.8147221803665161,-0.021736009046435356,0.621603786945343,0.7218400835990906,-0.046905625611543655,0.6014336943626404,0.6505802273750305,-0.07510365545749664,0.63255774974823,0.6587731838226318,-0.10395365208387375,0.6900622248649597,0.5608129501342773,-0.03434289991855621,0.6995887756347656,0.4327593147754669,-0.07355479896068573,0.7101696729660034,0.3439934551715851,-0.10079683363437653,0.7249034643173218,0.2722941040992737,-0.12106592953205109,0.7413429617881775,0.5780487656593323,-0.04325473681092262,0.6753551959991455,0.6036486029624939,-0.0877351313829422,0.6502939462661743,0.7019850611686707,-0.09053323417901993,0.6618707180023193,0.7349339723587036,-0.084490105509758,0.7750420570373535,0.6377758979797363,-0.056353166699409485,0.7015821933746338,0.6869593262672424,-0.09013530611991882,0.6804636120796204,0.7530195116996765,-0.07041109353303909,0.6934818625450134,0.7700656056404114,-0.04979860410094261,0.7950291633605957,0.7170484662055969,-0.07386844605207443,0.7386751174926758,0.7483824491500854,-0.09212560951709747,0.714306652545929,0.7883593440055847,-0.07790596038103104,0.7186781764030457,0.802146315574646,-0.06175697222352028,señalar
0.7208381295204163,0.9145011901855469,-7.860501227696659e-08,0.6619088649749756,0.8392579555511475,-0.027640756219625473,0.6289958357810974,0.7405126690864563,-0.05519286170601845,0.6157603859901428,0.6659982204437256,-0.08529547601938248,0.6490438580513,0.6726060509681702,-0.11492304503917694,0.6983590126037598,0.5739627480506897,-0.03696991503238678,0.722886323928833,0.44869738817214966,-0.07878123223781586,0.7463110089302063,0.3682749569416046,-0.1046152338385582,0.7737899422645569,0.3050583600997925,-0.12216710299253464,0.7468085289001465,0.5972431302070618,-0.04324863478541374,0.6886374950408936,0.6229458451271057,-0.09321364015340805,0.6571906805038452,0.7150235176086426,-0.09812959283590317,0.6629761457443237,0.7431323528289795,-0.09133601933717728,0.7802215218544006,0.657569944858551,-0.054399531334638596,0.7128733396530151,0.7062956690788269,-0.09459973871707916,0.6872752904891968,0.7751693725585938,-0.07725869119167328,0.6959946155548096,0.7886325716972351,-0.05569850280880928,0.801382839679718,0.7338441014289856,-0.07020271569490433,0.7465833425521851,0.7670620679855347,-0.09194361418485641,0.7200241684913635,0.8093777298927307,-0.07913172245025635,0.7219477295875549,0.8215479254722595,-0.06225280836224556,señalar
0.7170313000679016,0.9175370931625366,-1.350569363012255e-07,0.6589207649230957,0.8447128534317017,-0.025884069502353668,0.6255452632904053,0.7447252869606018,-0.051103804260492325,0.6117238402366638,0.6681907176971436,-0.0789279043674469,0.6443186402320862,0.6633013486862183,-0.10595597326755524,0.6911186575889587,0.5755804777145386,-0.034755244851112366,0.710781991481781,0.442787766456604,-0.07539147883653641,0.7301133275032043,0.35867413878440857,-0.10093603283166885,0.7544206380844116,0.2909308671951294,-0.11845565587282181,0.7397782206535339,0.5958466529846191,-0.041123274713754654,0.6827037334442139,0.6173266172409058,-0.09113717079162598,0.653562068939209,0.7127512693405151,-0.09637635946273804,0.661544144153595,0.7444705963134766,-0.08963779360055923,0.7742022275924683,0.6530183553695679,-0.05205075815320015,0.7102057337760925,0.6945708990097046,-0.09195228666067123,0.6845819354057312,0.7681370973587036,-0.07359667867422104,0.6940866112709045,0.7851618528366089,-0.05128275603055954,0.7965812683105469,0.7269983887672424,-0.06749358773231506,0.7464601397514343,0.7546741962432861,-0.08920472860336304,0.7198536992073059,0.7997835874557495,-0.07570569962263107,0.7226102352142334,0.815129816532135,-0.058182425796985626,señalar
0.7209051847457886,0.9123340249061584,-1.346890883269225e-07,0.6635006070137024,0.8430102467536926,-0.028158510103821754,0.6291208267211914,0.7418667078018188,-0.05383266881108284,0.613530158996582,0.6550726890563965,-0.08197346329689026,0.6490663886070251,0.6295021772384644,-0.10896582156419754,0.6878044605255127,0.5610717535018921,-0.031034542247653008,0.7007387280464172,0.420651912689209,-0.07130865007638931,0.7139319181442261,0.3263389468193054,-0.09576305747032166,0.7322525978088379,0.2493998110294342,-0.11237958818674088,0.735024094581604,0.5770078897476196,-0.036934006959199905,0.6863884925842285,0.5834962129592896,-0.08764838427305222,0.6599114537239075,0.6903275847434998,-0.09117225557565689,0.6681357622146606,0.7261008024215698,-0.08205073326826096,0.7702543139457703,0.6257829666137695,-0.048100072890520096,0.7158067226409912,0.6565608978271484,-0.08961916714906693,0.6904391050338745,0.740840494632721,-0.06844870746135712,0.7000347971916199,0.7593165040016174,-0.04339464381337166,0.7938238978385925,0.6931967735290527,-0.06400440633296967,0.7486684322357178,0.7135747075080872,-0.08445491641759872,0.7239778637886047,0.768913984298706,-0.0678611695766449,0.7299650311470032,0.7857686281204224,-0.04828381538391113,señalar
0.726690411567688,0.9043474197387695,-2.435539840917045e-07,0.6713531613349915,0.8460171818733215,-0.02971513383090496,0.6315512657165527,0.7406510710716248,-0.05257430672645569,0.6218318939208984,0.6465529799461365,-0.07674719393253326,0.6571872234344482,0.596801221370697,-0.09942661970853806,0.6785390973091125,0.5609168410301208,-0.03299413248896599,0.6807922124862671,0.40547895431518555,-0.07111459225416183,0.6852732300758362,0.3127742111682892,-0.09388461709022522,0.6957606673240662,0.2298283874988556,-0.10948305577039719,0.724522054195404,0.5750595331192017,-0.03784443438053131,0.6966556906700134,0.5533066987991333,-0.09363162517547607,0.6709614396095276,0.6688196659088135,-0.10163547098636627,0.6708904504776001,0.7242323756217957,-0.09440562129020691,0.7621644139289856,0.6134698390960693,-0.04731915518641472,0.7287032604217529,0.6200720071792603,-0.09635231643915176,0.6994422078132629,0.7229088544845581,-0.07935687899589539,0.6985133290290833,0.7614517211914062,-0.0551767461001873,0.7927724123001099,0.66912442445755,-0.0605413019657135,0.7626151442527771,0.6706148982048035,-0.08705231547355652,0.7342602014541626,0.742711067199707,-0.07202523946762085,0.730498194694519,0.774624764919281,-0.052804674953222275,señalar
0.7270480990409851,0.9126666784286499,-2.782270200896164e-07,0.6789912581443787,0.8568668365478516,-0.03200899437069893,0.6362280249595642,0.7491490840911865,-0.055194128304719925,0.6279726028442383,0.6506813764572144,-0.0796559751033783,0.6624895334243774,0.5878783464431763,-0.10234498977661133,0.6668376922607422,0.5743128061294556,-0.032887399196624756,0.6488420367240906,0.4191438555717468,-0.07056256383657455,0.6393004059791565,0.3289456069469452,-0.09114068746566772,0.6379439830780029,0.24483254551887512,-0.10479267686605453,0.7119033932685852,0.5887097120285034,-0.03771272301673889,0.6928935050964355,0.5395174622535706,-0.09333287924528122,0.6775234341621399,0.6684553623199463,-0.09937149286270142,0.6813201904296875,0.7245395183563232,-0.08991789072751999,0.7539964914321899,0.6216925978660583,-0.04754757881164551,0.7347190380096436,0.5939915180206299,-0.1001199409365654,0.7118349075317383,0.7149009704589844,-0.08163224160671234,0.7120762467384338,0.7579260468482971,-0.05508127436041832,0.7925974726676941,0.669868528842926,-0.0607970766723156,0.7774825692176819,0.632878839969635,-0.08962760120630264,0.7510945796966553,0.7161247730255127,-0.07191506773233414,0.7453083992004395,0.754952609539032,-0.050492264330387115,señalar
0.7255213856697083,0.9226729869842529,-2.606507791824697e-07,0.6780041456222534,0.8666486740112305,-0.032056037336587906,0.6409397125244141,0.7580550312995911,-0.05495862662792206,0.6408708095550537,0.6606201529502869,-0.07888163626194,0.6750624179840088,0.5988562107086182,-0.10102354735136032,0.670326292514801,0.5792111754417419,-0.03466543182730675,0.6602392196655273,0.4237072467803955,-0.07278446108102798,0.6562269330024719,0.3320552110671997,-0.09488333761692047,0.6587761640548706,0.24625593423843384,-0.10967575758695602,0.7166125178337097,0.5973448157310486,-0.03903144225478172,0.7073298692703247,0.5531560778617859,-0.09380277991294861,0.6881804466247559,0.6774665117263794,-0.10092566907405853,0.6870772242546082,0.7292765974998474,-0.09309148788452148,0.7596784234046936,0.6329328417778015,-0.048185285180807114,0.7502086758613586,0.60381019115448,-0.09894628077745438,0.7237890362739563,0.7195201516151428,-0.08153443783521652,0.7202196717262268,0.7601136565208435,-0.0567333921790123,0.7991457581520081,0.6823704242706299,-0.06082747504115105,0.7923266291618347,0.6448991298675537,-0.08938206732273102,0.7631209492683411,0.7244119644165039,-0.07258953899145126,0.7536963820457458,0.7611016631126404,-0.05200240761041641,señalar
0.7211659550666809,0.921633243560791,-1.9271730877790105e-07,0.6749275922775269,0.8638005256652832,-0.02831294573843479,0.6446049213409424,0.753295361995697,-0.04986501485109329,0.6492114067077637,0.6598197817802429,-0.07329938560724258,0.6858407258987427,0.6082031726837158,-0.09568751603364944,0.6920823454856873,0.5818336009979248,-0.032676298171281815,0.7128417491912842,0.4261184334754944,-0.07179650664329529,0.7324849367141724,0.3376370072364807,-0.09571994841098785,0.7530384659767151,0.25825077295303345,-0.11112356185913086,0.734853982925415,0.614605188369751,-0.038323625922203064,0.7245680093765259,0.5681591629981995,-0.09670981764793396,0.6960590481758118,0.687069296836853,-0.10663188993930817,0.6892836689949036,0.7470861673355103,-0.09981084614992142,0.7732611894607544,0.6577054858207703,-0.04832630977034569,0.7633172273635864,0.6261560320854187,-0.10083295404911041,0.7305359840393066,0.7363009452819824,-0.08471731841564178,0.722201943397522,0.7819983959197998,-0.05962851271033287,0.8094908595085144,0.7110937833786011,-0.061259157955646515,0.8045452833175659,0.6705852150917053,-0.09005142003297806,0.7730237245559692,0.742318868637085,-0.07357995212078094,0.7614791393280029,0.7753007411956787,-0.052413102239370346,señalar
0.7176403403282166,0.9233269691467285,-2.010112893913174e-07,0.6726179718971252,0.8601205945014954,-0.0278149526566267,0.6453574895858765,0.7459652423858643,-0.04909051954746246,0.6483856439590454,0.6509705185890198,-0.07218588888645172,0.6861318945884705,0.6020059585571289,-0.09412490576505661,0.6926946640014648,0.5832715034484863,-0.03184299170970917,0.715597927570343,0.4280353784561157,-0.07175896316766739,0.7360566854476929,0.3414454162120819,-0.09631035476922989,0.7595207095146179,0.26303747296333313,-0.11215222626924515,0.7350500226020813,0.6166718602180481,-0.03706110268831253,0.7267708778381348,0.5648160576820374,-0.09527342766523361,0.699108362197876,0.6833704710006714,-0.10431072860956192,0.694030225276947,0.7462233901023865,-0.09685482084751129,0.7731339335441589,0.6598771810531616,-0.04679621756076813,0.7633484601974487,0.6257774233818054,-0.09910387545824051,0.729752779006958,0.7347985506057739,-0.0821395218372345,0.721856415271759,0.784059464931488,-0.05630527809262276,0.8080101013183594,0.7140065431594849,-0.0594835989177227,0.8041648864746094,0.6686689853668213,-0.0886957198381424,0.7709462642669678,0.7396630644798279,-0.07236013561487198,0.7581925392150879,0.7765198945999146,-0.05121372640132904,señalar
